{
	"credit": "Made with Blockbench",
	"textures": {
		"texture": "block/acacia_fence",
		"particle": "block/acacia_planks"
	},
	"elements": [
		{
			"from": [7, 13, 3],
			"to": [9, 14, 5],
			"faces": {
				"east": {"uv": [11, 2, 13, 3], "texture": "#texture"},
				"south": {"uv": [4, 2, 5, 3], "texture": "#texture"},
				"west": {"uv": [3, 3, 5, 2], "texture": "#texture"},
				"up": {"uv": [3, 2, 5, 4], "rotation": 90, "texture": "#texture"}
			}
		},
		{
			"from": [7, 13, 0],
			"to": [9, 15, 3],
			"faces": {
				"east": {"uv": [13, 1, 16, 3], "texture": "#texture"},
				"south": {"uv": [7, 0, 9, 2], "texture": "#texture"},
				"west": {"uv": [0, 1, 3, 3], "texture": "#texture"},
				"up": {"uv": [0, 1, 3, 3], "rotation": 90, "texture": "#texture"},
				"down": {"uv": [0, 1, 3, 3], "rotation": 90, "texture": "#texture"}
			}
		},
		{
			"from": [7, 3, 0],
			"to": [9, 5, 6],
			"faces": {
				"east": {"uv": [10, 11, 16, 13], "texture": "#texture"},
				"west": {"uv": [0, 11, 6, 13], "texture": "#texture"},
				"up": {"uv": [0, 11, 6, 13], "rotation": 90, "texture": "#texture"},
				"down": {"uv": [6, 13, 0, 11], "rotation": 90, "texture": "#texture"}
			}
		},
		{
			"from": [7, 5, 4],
			"to": [9, 13, 6],
			"faces": {
				"north": {"uv": [4, 3, 6, 11], "texture": "#texture"},
				"east": {"uv": [10, 3, 12, 11], "texture": "#texture"},
				"west": {"uv": [4, 3, 6, 11], "texture": "#texture"},
				"up": {"uv": [4, 3, 6, 5], "rotation": 90, "texture": "#texture"}
			}
		},
		{
			"from": [7, 5, 1],
			"to": [9, 13, 3],
			"faces": {
				"north": {"uv": [1, 3, 3, 11], "texture": "#texture"},
				"east": {"uv": [13, 3, 15, 11], "texture": "#texture"},
				"south": {"uv": [1, 1, 3, 11], "texture": "#texture"},
				"west": {"uv": [1, 3, 3, 11], "texture": "#texture"}
			}
		},
		{
			"from": [7, 11, 3],
			"to": [9, 13, 4],
			"faces": {
				"east": {"uv": [12, 3, 13, 4], "texture": "#texture"},
				"west": {"uv": [4, 3, 5, 5], "texture": "#texture"},
				"down": {"uv": [3, 4, 5, 5], "texture": "#texture"}
			}
		}
	],
	"display": {}
}