{
	"credit": "Made with Blockbench",
	"texture_size": [64, 64],
	"textures": {
		"0": "block/brick_stairs",
		"particle": "block/bricks"
	},
	"elements": [
		{
			"from": [0, 0, 0],
			"to": [16, 8, 16],
			"faces": {
				"north": {"uv": [7.5, 2, 11.5, 4], "texture": "#0", "cullface": "north"},
				"east": {"uv": [12, 14, 16, 16], "texture": "#0", "cullface": "east"},
				"south": {"uv": [0, 6, 4, 8], "texture": "#0"},
				"west": {"uv": [4, 10, 8, 12], "texture": "#0", "cullface": "west"}
			}
		},
		{
			"from": [0, 8, 0],
			"to": [16, 8, 8],
			"faces": {
				"up": {"uv": [0.25, 2, 4.25, 0], "rotation": 180, "texture": "#0"}
			}
		},
		{
			"from": [8, 8, 8],
			"to": [16, 8, 16],
			"faces": {
				"up": {"uv": [2.25, 0, 0.25, 2], "rotation": 90, "texture": "#0"}
			}
		},
		{
			"from": [0, 8, 8],
			"to": [8, 16, 16],
			"faces": {
				"north": {"uv": [9.5, 2, 11.5, 4], "texture": "#0"},
				"east": {"uv": [12, 4, 14, 6], "texture": "#0"},
				"south": {"uv": [7.25, 2, 9.25, 4], "texture": "#0", "cullface": "south"},
				"west": {"uv": [6, 8, 8, 10], "texture": "#0", "cullface": "west"},
				"up": {"uv": [0.25, 2, 2.25, 0], "rotation": 180, "texture": "#0", "cullface": "up"}
			}
		}
	]
}