{
	"credit": "Made with Blockbench",
	"textures": {
		"wall": "block/brick_wall",
		"particle": "block/bricks"
	},
	"elements": [
		{
			"from": [5, 0, 0],
			"to": [11, 14, 5],
			"faces": {
				"north": {"uv": [14.5, 6.5, 16, 10], "texture": "#wall", "cullface": "north"},
				"east": {"uv": [7, 6.5, 8.25, 10], "texture": "#wall"},
				"west": {"uv": [10.25, 6.5, 11.5, 10], "texture": "#wall"},
				"up": {"uv": [8.25, 5.75, 7, 4.25], "rotation": 90, "texture": "#wall"},
				"down": {"uv": [11.5, 5.75, 10.25, 4.25], "rotation": 90, "texture": "#wall", "cullface": "down"}
			}
		}
	]
}