{
	"credit": "Made with Blockbench",
	"parent": "block/block",
	"textures": {
		"0": "block/bricks_model",
		"particle": "block/bricks"
	},
	"elements": [
		{
			"from": [0, 8, 0],
			"to": [16, 16, 16],
			"faces": {
				"north": {"uv": [0, 0, 4, 2], "texture": "#0", "cullface": "north"},
				"east": {"uv": [1, 0, 5, 2], "texture": "#0", "cullface": "east"},
				"south": {"uv": [0.25, 0, 4.25, 2], "texture": "#0", "cullface": "south"},
				"west": {"uv": [1.25, 0, 5.25, 2], "texture": "#0", "cullface": "west"},
				"up": {"uv": [0.25, 0, 4.25, 4], "texture": "#0", "cullface": "up"},
				"down": {"uv": [0, 0, 4, 4], "rotation": 180, "texture": "#0"}
			}
		}
	]
}