{
  "variants": {
    "distance=0,bottom=false": { "model": "minecraft:block/scaffolding_stable" },
    "distance=0,bottom=true": { "model": "minecraft:block/scaffolding_unstable" },
    "distance=1,bottom=false": { "model": "minecraft:block/scaffolding_stable" },
    "distance=1,bottom=true": { "model": "minecraft:block/scaffolding_unstable" },
    "distance=2,bottom=false": { "model": "minecraft:block/scaffolding_stable" },
    "distance=2,bottom=true": { "model": "minecraft:block/scaffolding_unstable" },
    "distance=3,bottom=false": { "model": "minecraft:block/scaffolding_stable" },
    "distance=3,bottom=true": { "model": "minecraft:block/scaffolding_unstable" },
    "distance=4,bottom=false": { "model": "minecraft:block/scaffolding_stable" },
    "distance=4,bottom=true": { "model": "minecraft:block/scaffolding_unstable" },
    "distance=5,bottom=false": { "model": "minecraft:block/scaffolding_stable" },
    "distance=5,bottom=true": { "model": "minecraft:block/scaffolding_unstable" },
    "distance=6,bottom=false": { "model": "minecraft:block/scaffolding_stable" },
    "distance=6,bottom=true": { "model": "minecraft:block/scaffolding_danger" }
  }
}